{"stats":{"minecraft:custom":{"minecraft:jump":32,"minecraft:time_since_rest":5541,"minecraft:damage_dealt":481,"minecraft:crouch_one_cm":333,"minecraft:sprint_one_cm":1174,"minecraft:play_time":5541,"minecraft:time_since_death":5541,"minecraft:walk_one_cm":11943,"minecraft:sneak_time":37,"minecraft:total_world_time":5541,"minecraft:fall_one_cm":209,"minecraft:fly_one_cm":4267},"minecraft:used":{"minecraft:netherite_sword":12,"dawnera:tyrannosaurus_spawn_egg":2,"immersive_weathering:ice_sickle":8}},"DataVersion":3465}