{
  "biomeswevegone:biomeswevegone/root": {
    "criteria": {
      "tick": "2024-11-02 03:13:02 +0000"
    },
    "done": true
  },
  "minecraft:recipes/decorations/crafting_table": {
    "criteria": {
      "unlock_right_away": "2024-11-02 03:13:02 +0000"
    },
    "done": true
  },
  "biomesoplenty:biomesoplenty/all_biomes": {
    "criteria": {
      "seasonal_forest": "2024-11-02 03:13:03 +0000"
    },
    "done": false
  },
  "dawnera:the_dawn_era": {
    "criteria": {
      "join_game": "2024-11-02 03:13:03 +0000"
    },
    "done": true
  },
  "dungeons_arise:wda_root": {
    "criteria": {
      "WDA": "2024-11-02 03:13:02 +0000"
    },
    "done": true
  },
  "biomesoplenty:biomesoplenty/root": {
    "criteria": {
      "seasonal_forest": "2024-11-02 03:13:03 +0000"
    },
    "done": true
  },
  "DataVersion": 3465
}