{
  "biomeswevegone:biomeswevegone/root": {
    "criteria": {
      "tick": "2024-11-02 01:28:05 +0000"
    },
    "done": true
  },
  "minecraft:recipes/decorations/crafting_table": {
    "criteria": {
      "unlock_right_away": "2024-11-02 01:28:05 +0000"
    },
    "done": true
  },
  "biomesoplenty:biomesoplenty/all_biomes": {
    "criteria": {
      "redwood_forest": "2024-11-02 01:28:06 +0000"
    },
    "done": false
  },
  "biomesoplenty:biomesoplenty/root": {
    "criteria": {
      "redwood_forest": "2024-11-02 01:28:06 +0000"
    },
    "done": true
  },
  "DataVersion": 3465
}