{
  "biomeswevegone:biomeswevegone/root": {
    "criteria": {
      "tick": "2024-11-02 03:22:57 +0000"
    },
    "done": true
  },
  "minecraft:recipes/decorations/crafting_table": {
    "criteria": {
      "unlock_right_away": "2024-11-02 03:22:57 +0000"
    },
    "done": true
  },
  "biomeswevegone:biomeswevegone/adventure/oh_the_biomes_weve_gone": {
    "criteria": {
      "biomeswevegone:coconino_meadow": "2024-11-02 03:22:57 +0000"
    },
    "done": false
  },
  "biomesoplenty:biomesoplenty/all_biomes": {
    "criteria": {
      "fir_clearing": "2024-11-02 03:25:10 +0000"
    },
    "done": false
  },
  "dawnera:the_dawn_era": {
    "criteria": {
      "join_game": "2024-11-02 03:22:57 +0000"
    },
    "done": true
  },
  "minecraft:husbandry/root": {
    "criteria": {
      "consumed_item": "2024-11-02 03:26:06 +0000"
    },
    "done": true
  },
  "dungeons_arise:wda_root": {
    "criteria": {
      "WDA": "2024-11-02 03:22:57 +0000"
    },
    "done": true
  },
  "biomesoplenty:biomesoplenty/root": {
    "criteria": {
      "fir_clearing": "2024-11-02 03:25:10 +0000"
    },
    "done": true
  },
  "biomeswevegone:biomeswevegone/adventure/root": {
    "criteria": {
      "biomeswevegone:coconino_meadow": "2024-11-02 03:22:57 +0000"
    },
    "done": true
  },
  "biomeswevegone:biomeswevegone/husbandry/root": {
    "criteria": {
      "consumed_item": "2024-11-02 03:26:06 +0000"
    },
    "done": true
  },
  "dawnera:long_live_the_king": {
    "criteria": {
      "meet_trex": "2024-11-02 03:23:34 +0000"
    },
    "done": true
  },
  "DataVersion": 3465
}